{"v":"5.7.1","fr":25,"ip":0,"op":125,"w":400,"h":400,"nm":"m","assets":[],"layers":[{"ind":1,"ty":4,"nm":"#","ln":"moon","sr":1,"ks":{"o":{"a":0,"k":100},"r":{"a":0,"k":0},"p":{"s":true,"x":{"a":1,"k":[{"i":{"x":[0.667],"y":[1]},"o":{"x":[0.334],"y":[0.687]},"t":0,"s":[200]},{"i":{"x":[0.667],"y":[1]},"o":{"x":[0.333],"y":[0]},"t":35,"s":[195.5]},{"i":{"x":[0.767],"y":[0.688]},"o":{"x":[0.333],"y":[0]},"t":90,"s":[209.198]},{"t":124,"s":[200]}]},"y":{"a":1,"k":[{"i":{"x":[0.667],"y":[1]},"o":{"x":[0.334],"y":[0.687]},"t":0,"s":[200]},{"i":{"x":[0.665],"y":[0.937]},"o":{"x":[0.333],"y":[0]},"t":35,"s":[195.5]},{"i":{"x":[0.619],"y":[0.268]},"o":{"x":[0.322],"y":[-0.1]},"t":90,"s":[202.698]},{"t":124,"s":[200]}]}},"a":{"a":0,"k":[0,0,0]},"s":{"a":0,"k":[96,96,100]}},"ao":0,"shapes":[{"ty":"gr","it":[{"d":1,"ty":"el","s":{"a":0,"k":[13.326,13.326]},"p":{"a":0,"k":[0,0]},"nm":"T"},{"ty":"fl","c":{"a":0,"k":[0.676,0.698,0.753,1]},"o":{"a":0,"k":100},"r":1,"nm":"F"},{"ty":"st","c":{"a":0,"k":[0.91,0.925,0.965,1]},"o":{"a":0,"k":100},"w":{"a":0,"k":9},"lc":1,"lj":1,"ml":4,"nm":"C"},{"ty":"tr","p":{"a":0,"k":[-52.762,30.698]},"a":{"a":0,"k":[0,0]},"s":{"a":0,"k":[100,100]},"r":{"a":0,"k":0},"o":{"a":0,"k":100},"sk":{"a":0,"k":0},"sa":{"a":0,"k":0},"nm":"T"}],"nm":"E"},{"ty":"gr","it":[{"d":1,"ty":"el","s":{"a":0,"k":[16.326,16.326]},"p":{"a":0,"k":[0,0]},"nm":"T"},{"ty":"fl","c":{"a":0,"k":[0.676,0.698,0.753,1]},"o":{"a":0,"k":100},"r":1,"nm":"F"},{"ty":"tr","p":{"a":0,"k":[7.703,38.837]},"a":{"a":0,"k":[0,0]},"s":{"a":0,"k":[100,100]},"r":{"a":0,"k":0},"o":{"a":0,"k":100},"sk":{"a":0,"k":0},"sa":{"a":0,"k":0},"nm":"T"}],"nm":"E"},{"ty":"gr","it":[{"d":1,"ty":"el","s":{"a":0,"k":[14.326,14.326]},"p":{"a":0,"k":[0,0]},"nm":"T"},{"ty":"st","c":{"a":0,"k":[0.91,0.925,0.965,1]},"o":{"a":0,"k":100},"w":{"a":0,"k":4},"lc":1,"lj":1,"ml":4,"nm":"C"},{"ty":"fl","c":{"a":0,"k":[0.676,0.698,0.753,1]},"o":{"a":0,"k":100},"r":1,"nm":"F"},{"ty":"tr","p":{"a":0,"k":[43.343,58.983]},"a":{"a":0,"k":[0,0]},"s":{"a":0,"k":[100,100]},"r":{"a":0,"k":0},"o":{"a":0,"k":100},"sk":{"a":0,"k":0},"sa":{"a":0,"k":0},"nm":"T"}],"nm":"E"},{"ty":"gr","it":[{"d":1,"ty":"el","s":{"a":0,"k":[22.326,22.326]},"p":{"a":0,"k":[0,0]},"nm":"T"},{"ty":"st","c":{"a":0,"k":[0.91,0.925,0.965,1]},"o":{"a":0,"k":100},"w":{"a":0,"k":4},"lc":1,"lj":1,"ml":4,"nm":"C"},{"ty":"fl","c":{"a":0,"k":[0.676,0.698,0.753,1]},"o":{"a":0,"k":100},"r":1,"nm":"F"},{"ty":"tr","p":{"a":0,"k":[62.093,-4.767]},"a":{"a":0,"k":[0,0]},"s":{"a":0,"k":[100,100]},"r":{"a":0,"k":0},"o":{"a":0,"k":100},"sk":{"a":0,"k":0},"sa":{"a":0,"k":0},"nm":"T"}],"nm":"E"},{"ty":"gr","it":[{"d":1,"ty":"el","s":{"a":0,"k":[33.326,33.326]},"p":{"a":0,"k":[0,0]},"nm":"T"},{"ty":"fl","c":{"a":0,"k":[0.676,0.698,0.753,1]},"o":{"a":0,"k":100},"r":1,"nm":"F"},{"ty":"st","c":{"a":0,"k":[0.91,0.925,0.965,1]},"o":{"a":0,"k":100},"w":{"a":0,"k":10},"lc":1,"lj":1,"ml":4,"nm":"C"},{"ty":"tr","p":{"a":0,"k":[-46.076,-37.035]},"a":{"a":0,"k":[0,0]},"s":{"a":0,"k":[100,100]},"r":{"a":0,"k":0},"o":{"a":0,"k":100},"sk":{"a":0,"k":0},"sa":{"a":0,"k":0},"nm":"T"}],"nm":"E"},{"ty":"gr","it":[{"d":1,"ty":"el","s":{"a":0,"k":[4.326,4.326]},"p":{"a":0,"k":[0,0]},"nm":"T"},{"ty":"fl","c":{"a":0,"k":[0.676,0.698,0.753,1]},"o":{"a":0,"k":100},"r":1,"nm":"F"},{"ty":"tr","p":{"a":0,"k":[71.86,-29.186]},"a":{"a":0,"k":[0,0]},"s":{"a":0,"k":[100,100]},"r":{"a":0,"k":0},"o":{"a":0,"k":100},"sk":{"a":0,"k":0},"sa":{"a":0,"k":0},"nm":"T"}],"nm":"E"},{"ty":"gr","it":[{"d":1,"ty":"el","s":{"a":0,"k":[4.326,4.326]},"p":{"a":0,"k":[0,0]},"nm":"T"},{"ty":"fl","c":{"a":0,"k":[0.676,0.698,0.753,1]},"o":{"a":0,"k":100},"r":1,"nm":"F"},{"ty":"tr","p":{"a":0,"k":[-77.267,-15.233]},"a":{"a":0,"k":[0,0]},"s":{"a":0,"k":[100,100]},"r":{"a":0,"k":0},"o":{"a":0,"k":100},"sk":{"a":0,"k":0},"sa":{"a":0,"k":0},"nm":"T"}],"nm":"E"},{"ty":"gr","it":[{"d":1,"ty":"el","s":{"a":0,"k":[4.326,4.326]},"p":{"a":0,"k":[0,0]},"nm":"T"},{"ty":"fl","c":{"a":0,"k":[0.676,0.698,0.753,1]},"o":{"a":0,"k":100},"r":1,"nm":"F"},{"ty":"tr","p":{"a":0,"k":[-22.616,-82.674]},"a":{"a":0,"k":[0,0]},"s":{"a":0,"k":[100,100]},"r":{"a":0,"k":0},"o":{"a":0,"k":100},"sk":{"a":0,"k":0},"sa":{"a":0,"k":0},"nm":"T"}],"nm":"E"},{"ty":"gr","it":[{"d":1,"ty":"el","s":{"a":0,"k":[4.326,4.326]},"p":{"a":0,"k":[0,0]},"nm":"T"},{"ty":"fl","c":{"a":0,"k":[0.676,0.698,0.753,1]},"o":{"a":0,"k":100},"r":1,"nm":"F"},{"ty":"tr","p":{"a":0,"k":[6.163,-66.977]},"a":{"a":0,"k":[0,0]},"s":{"a":0,"k":[100,100]},"r":{"a":0,"k":0},"o":{"a":0,"k":100},"sk":{"a":0,"k":0},"sa":{"a":0,"k":0},"nm":"T"}],"nm":"E"},{"ty":"gr","it":[{"d":1,"ty":"el","s":{"a":0,"k":[10.326,10.326]},"p":{"a":0,"k":[0,0]},"nm":"T"},{"ty":"fl","c":{"a":0,"k":[0.676,0.698,0.753,1]},"o":{"a":0,"k":100},"r":1,"nm":"F"},{"ty":"tr","p":{"a":0,"k":[63.576,-48.081]},"a":{"a":0,"k":[0,0]},"s":{"a":0,"k":[60.92,60.92]},"r":{"a":0,"k":0},"o":{"a":0,"k":100},"sk":{"a":0,"k":0},"sa":{"a":0,"k":0},"nm":"T"}],"nm":"E"},{"ty":"gr","it":[{"d":1,"ty":"el","s":{"a":0,"k":[10.326,10.326]},"p":{"a":0,"k":[0,0]},"nm":"T"},{"ty":"fl","c":{"a":0,"k":[0.676,0.698,0.753,1]},"o":{"a":0,"k":100},"r":1,"nm":"F"},{"ty":"tr","p":{"a":0,"k":[-45.145,4.826]},"a":{"a":0,"k":[0,0]},"s":{"a":0,"k":[60.92,60.92]},"r":{"a":0,"k":0},"o":{"a":0,"k":100},"sk":{"a":0,"k":0},"sa":{"a":0,"k":0},"nm":"T"}],"nm":"E"},{"ty":"gr","it":[{"d":1,"ty":"el","s":{"a":0,"k":[10.326,10.326]},"p":{"a":0,"k":[0,0]},"nm":"T"},{"ty":"fl","c":{"a":0,"k":[0.676,0.698,0.753,1]},"o":{"a":0,"k":100},"r":1,"nm":"F"},{"ty":"tr","p":{"a":0,"k":[-19.855,-27.442]},"a":{"a":0,"k":[0,0]},"s":{"a":0,"k":[100,100]},"r":{"a":0,"k":0},"o":{"a":0,"k":100},"sk":{"a":0,"k":0},"sa":{"a":0,"k":0},"nm":"T"}],"nm":"E"},{"ty":"gr","it":[{"d":1,"ty":"el","s":{"a":0,"k":[10.326,10.326]},"p":{"a":0,"k":[0,0]},"nm":"T"},{"ty":"fl","c":{"a":0,"k":[0.676,0.698,0.753,1]},"o":{"a":0,"k":100},"r":1,"nm":"F"},{"ty":"tr","p":{"a":0,"k":[-16.076,-49.535]},"a":{"a":0,"k":[0,0]},"s":{"a":0,"k":[100,100]},"r":{"a":0,"k":0},"o":{"a":0,"k":100},"sk":{"a":0,"k":0},"sa":{"a":0,"k":0},"nm":"T"}],"nm":"E"},{"ty":"gr","it":[{"ind":0,"ty":"sh","ks":{"a":0,"k":{"i":[[-3.712,0],[0,-84.879],[2.38,0],[15.92,13.668],[4.626,3.835],[2.513,3.777],[2.584,8.058],[0,9.702],[-1.371,6.281],[-4.015,7.395],[-13.869,8.37],[-1.502,0.795],[-8.849,1.73],[-2.222,0.267]],"o":[[4.967,0],[0,54.074],[-22.628,0],[-2.909,-2.498],[-5.456,-4.523],[-4.595,-6.905],[-2.812,-8.768],[0,-6.693],[1.845,-8.453],[7.748,-14.27],[1.45,-0.875],[7.73,-4.093],[2.17,-0.424],[3.595,-0.432]],"v":[[0,-91],[-56.495,6.391],[0,91],[-59.247,69.073],[-73.174,62.632],[-84.826,45.988],[-86.67,27.816],[-91,0],[-92.831,-21.969],[-80.026,-43.359],[-46.955,-77.966],[-43.98,-84.615],[-19.011,-93.45],[-10.967,-90.346]],"c":true}},"nm":"T"},{"ty":"fl","c":{"a":0,"k":[0,0,0,1]},"o":{"a":0,"k":100},"r":1,"nm":"F"},{"ty":"tr","p":{"a":0,"k":[0,0]},"a":{"a":0,"k":[0,0]},"s":{"a":0,"k":[100,100]},"r":{"a":0,"k":0},"o":{"a":0,"k":10},"sk":{"a":0,"k":0},"sa":{"a":0,"k":0},"nm":"T"}],"nm":"o"},{"ty":"gr","it":[{"ind":0,"ty":"sh","ks":{"a":0,"k":{"i":[[-3.712,0],[-9.344,-3.24],[-4.211,-2.263],[-4.717,-3.942],[-2.842,-3.138],[0,-23.501],[7.321,-13.111],[1.933,-2.712],[25.03,-3.682],[4.538,0],[15.92,13.668],[4.626,3.835],[2.513,3.777],[2.584,8.058],[0,9.702],[-1.371,6.281],[-4.015,7.395],[-13.869,8.37],[-1.502,0.795],[-8.849,1.73],[-2.222,0.267]],"o":[[10.446,0],[4.576,1.587],[5.456,2.932],[3.25,2.716],[14.625,16.147],[0,16.083],[-1.632,2.922],[-14.051,19.713],[-4.36,0.641],[-22.628,0],[-2.909,-2.498],[-5.456,-4.523],[-4.595,-6.905],[-2.812,-8.768],[0,-6.693],[1.845,-8.453],[7.748,-14.27],[1.45,-0.875],[7.73,-4.093],[2.17,-0.424],[3.595,-0.432]],"v":[[0,-91],[29.825,-86],[45.201,-83.261],[60.496,-72.914],[67.466,-61.069],[91,0],[79.507,44.302],[76.48,57.701],[15.685,94.968],[0,91],[-59.247,69.073],[-73.174,62.632],[-84.826,45.988],[-86.67,27.816],[-91,0],[-92.831,-21.969],[-80.026,-43.359],[-46.955,-77.966],[-43.98,-84.615],[-19.011,-93.45],[-10.967,-90.346]],"c":true}},"nm":"T"},{"ty":"fl","c":{"a":0,"k":[0.912,0.925,0.965,1]},"o":{"a":0,"k":100},"r":1,"nm":"F"},{"ty":"tr","p":{"a":0,"k":[0,0]},"a":{"a":0,"k":[0,0]},"s":{"a":0,"k":[100,100]},"r":{"a":0,"k":0},"o":{"a":0,"k":100},"sk":{"a":0,"k":0},"sa":{"a":0,"k":0},"nm":"T"}],"nm":"m"},{"ty":"gr","it":[{"d":1,"ty":"el","s":{"a":1,"k":[{"i":{"x":[0.667,0.667],"y":[1,1]},"o":{"x":[0.307,0.307],"y":[0.457,0.457]},"t":0,"s":[220,220]},{"i":{"x":[0.667,0.667],"y":[1,1]},"o":{"x":[0.333,0.333],"y":[0,0]},"t":16.089,"s":[240,240]},{"i":{"x":[0.667,0.667],"y":[1,1]},"o":{"x":[0.333,0.333],"y":[0,0]},"t":47.029,"s":[200,200]},{"i":{"x":[0.667,0.667],"y":[1,1]},"o":{"x":[0.333,0.333],"y":[0,0]},"t":77.971,"s":[240,240]},{"i":{"x":[0.843,0.843],"y":[0.779,0.779]},"o":{"x":[0.333,0.333],"y":[0,0]},"t":108.911,"s":[200,200]},{"t":125,"s":[220,220]}]},"p":{"a":0,"k":[0,0]},"nm":"T"},{"ty":"fl","c":{"a":0,"k":[0.522,0.774,0.847,1]},"o":{"a":0,"k":100},"r":1,"nm":"F"},{"ty":"tr","p":{"a":0,"k":[0,0]},"a":{"a":0,"k":[0,0]},"s":{"a":0,"k":[81,81]},"r":{"a":0,"k":0},"o":{"a":0,"k":37},"sk":{"a":0,"k":0},"sa":{"a":0,"k":0},"nm":"T"}],"nm":".","cl":"glow2"}],"ip":0,"op":125,"st":0},{"ind":2,"ty":4,"nm":"#","ln":"etoile","sr":1,"ks":{"o":{"a":0,"k":100},"r":{"a":0,"k":0},"p":{"a":0,"k":[201.25,95,0]},"a":{"a":0,"k":[0,0,0]},"s":{"a":0,"k":[179,179,100]}},"ao":0,"shapes":[{"ty":"gr","it":[{"d":1,"ty":"el","s":{"a":0,"k":[1,1]},"p":{"a":0,"k":[0,0]},"nm":"T"},{"ty":"st","c":{"a":0,"k":[1,0,0.329,1]},"o":{"a":0,"k":100},"w":{"a":0,"k":0},"lc":1,"lj":1,"ml":4,"nm":"C"},{"ty":"fl","c":{"a":0,"k":[1,0.965,0,1]},"o":{"a":0,"k":100},"r":1,"nm":"F"},{"ty":"tr","p":{"a":0,"k":[-40.25,115.25]},"a":{"a":0,"k":[0,0]},"s":{"a":0,"k":[100,100]},"r":{"a":0,"k":0},"o":{"a":0,"k":100},"sk":{"a":0,"k":0},"sa":{"a":0,"k":0},"nm":"T"}],"nm":"E"},{"ty":"gr","it":[{"d":1,"ty":"el","s":{"a":0,"k":[1,1]},"p":{"a":0,"k":[0,0]},"nm":"T"},{"ty":"st","c":{"a":0,"k":[1,0,0.329,1]},"o":{"a":0,"k":100},"w":{"a":0,"k":0},"lc":1,"lj":1,"ml":4,"nm":"C"},{"ty":"fl","c":{"a":0,"k":[1,0.965,0,1]},"o":{"a":0,"k":100},"r":1,"nm":"F"},{"ty":"tr","p":{"a":0,"k":[-40.25,-20.75]},"a":{"a":0,"k":[0,0]},"s":{"a":0,"k":[100,100]},"r":{"a":0,"k":0},"o":{"a":0,"k":100},"sk":{"a":0,"k":0},"sa":{"a":0,"k":0},"nm":"T"}],"nm":"E"},{"ty":"gr","it":[{"d":1,"ty":"el","s":{"a":0,"k":[1,1]},"p":{"a":0,"k":[0,0]},"nm":"T"},{"ty":"st","c":{"a":0,"k":[1,0,0.329,1]},"o":{"a":0,"k":100},"w":{"a":0,"k":0},"lc":1,"lj":1,"ml":4,"nm":"C"},{"ty":"fl","c":{"a":0,"k":[1,0.965,0,1]},"o":{"a":0,"k":100},"r":1,"nm":"F"},{"ty":"tr","p":{"a":0,"k":[24.75,122.75]},"a":{"a":0,"k":[0,0]},"s":{"a":0,"k":[100,100]},"r":{"a":0,"k":0},"o":{"a":0,"k":100},"sk":{"a":0,"k":0},"sa":{"a":0,"k":0},"nm":"T"}],"nm":"E"},{"ty":"gr","it":[{"d":1,"ty":"el","s":{"a":0,"k":[1,1]},"p":{"a":0,"k":[0,0]},"nm":"T"},{"ty":"st","c":{"a":0,"k":[1,0,0.329,1]},"o":{"a":0,"k":100},"w":{"a":0,"k":0},"lc":1,"lj":1,"ml":4,"nm":"C"},{"ty":"fl","c":{"a":0,"k":[1,0.965,0,1]},"o":{"a":0,"k":100},"r":1,"nm":"F"},{"ty":"tr","p":{"a":0,"k":[54.75,41.75]},"a":{"a":0,"k":[0,0]},"s":{"a":0,"k":[100,100]},"r":{"a":0,"k":0},"o":{"a":0,"k":100},"sk":{"a":0,"k":0},"sa":{"a":0,"k":0},"nm":"T"}],"nm":"E"},{"ty":"gr","it":[{"d":1,"ty":"el","s":{"a":0,"k":[1,1]},"p":{"a":0,"k":[0,0]},"nm":"T"},{"ty":"st","c":{"a":0,"k":[1,0,0.329,1]},"o":{"a":0,"k":100},"w":{"a":0,"k":0},"lc":1,"lj":1,"ml":4,"nm":"C"},{"ty":"fl","c":{"a":0,"k":[1,0.965,0,1]},"o":{"a":0,"k":100},"r":1,"nm":"F"},{"ty":"tr","p":{"a":0,"k":[24.75,-13.25]},"a":{"a":0,"k":[0,0]},"s":{"a":0,"k":[100,100]},"r":{"a":0,"k":0},"o":{"a":0,"k":100},"sk":{"a":0,"k":0},"sa":{"a":0,"k":0},"nm":"T"}],"nm":"E"},{"ty":"gr","it":[{"d":1,"ty":"el","s":{"a":0,"k":[1,1]},"p":{"a":0,"k":[0,0]},"nm":"T"},{"ty":"st","c":{"a":0,"k":[1,0,0.329,1]},"o":{"a":0,"k":100},"w":{"a":0,"k":0},"lc":1,"lj":1,"ml":4,"nm":"C"},{"ty":"fl","c":{"a":0,"k":[1,0.965,0,1]},"o":{"a":0,"k":100},"r":1,"nm":"F"},{"ty":"tr","p":{"a":0,"k":[67.25,21.75]},"a":{"a":0,"k":[0,0]},"s":{"a":0,"k":[100,100]},"r":{"a":0,"k":0},"o":{"a":0,"k":100},"sk":{"a":0,"k":0},"sa":{"a":0,"k":0},"nm":"T"}],"nm":"E"},{"ty":"gr","it":[{"d":1,"ty":"el","s":{"a":0,"k":[2,2]},"p":{"a":0,"k":[0,0]},"nm":"T"},{"ty":"st","c":{"a":0,"k":[1,0,0.329,1]},"o":{"a":0,"k":100},"w":{"a":0,"k":0},"lc":1,"lj":1,"ml":4,"nm":"C"},{"ty":"fl","c":{"a":0,"k":[1,0.965,0,1]},"o":{"a":0,"k":100},"r":1,"nm":"F"},{"ty":"tr","p":{"a":0,"k":[-77,2.5]},"a":{"a":0,"k":[0,0]},"s":{"a":0,"k":[100,100]},"r":{"a":0,"k":0},"o":{"a":0,"k":100},"sk":{"a":0,"k":0},"sa":{"a":0,"k":0},"nm":"T"}],"nm":"E"},{"ty":"gr","it":[{"d":1,"ty":"el","s":{"a":0,"k":[2,2]},"p":{"a":0,"k":[0,0]},"nm":"T"},{"ty":"st","c":{"a":0,"k":[1,0,0.329,1]},"o":{"a":0,"k":100},"w":{"a":0,"k":0},"lc":1,"lj":1,"ml":4,"nm":"C"},{"ty":"fl","c":{"a":0,"k":[1,0.965,0,1]},"o":{"a":0,"k":100},"r":1,"nm":"F"},{"ty":"tr","p":{"a":0,"k":[73,17.5]},"a":{"a":0,"k":[0,0]},"s":{"a":0,"k":[100,100]},"r":{"a":0,"k":0},"o":{"a":0,"k":100},"sk":{"a":0,"k":0},"sa":{"a":0,"k":0},"nm":"T"}],"nm":"E"},{"ty":"gr","it":[{"d":1,"ty":"el","s":{"a":0,"k":[2,2]},"p":{"a":0,"k":[0,0]},"nm":"T"},{"ty":"st","c":{"a":0,"k":[1,0,0.329,1]},"o":{"a":0,"k":100},"w":{"a":0,"k":0},"lc":1,"lj":1,"ml":4,"nm":"C"},{"ty":"fl","c":{"a":0,"k":[1,0.965,0,1]},"o":{"a":0,"k":100},"r":1,"nm":"F"},{"ty":"tr","p":{"a":0,"k":[68,2.5]},"a":{"a":0,"k":[0,0]},"s":{"a":0,"k":[100,100]},"r":{"a":0,"k":0},"o":{"a":0,"k":100},"sk":{"a":0,"k":0},"sa":{"a":0,"k":0},"nm":"T"}],"nm":"E"},{"ty":"gr","it":[{"d":1,"ty":"el","s":{"a":0,"k":[3,3]},"p":{"a":0,"k":[0,0]},"nm":"T"},{"ty":"st","c":{"a":0,"k":[1,0,0.329,1]},"o":{"a":0,"k":100},"w":{"a":0,"k":0},"lc":1,"lj":1,"ml":4,"nm":"C"},{"ty":"fl","c":{"a":0,"k":[1,0.965,0,1]},"o":{"a":0,"k":100},"r":1,"nm":"F"},{"ty":"tr","p":{"a":0,"k":[-80,60]},"a":{"a":0,"k":[0,0]},"s":{"a":0,"k":[100,100]},"r":{"a":0,"k":0},"o":{"a":0,"k":100},"sk":{"a":0,"k":0},"sa":{"a":0,"k":0},"nm":"T"}],"nm":"E"},{"ty":"gr","it":[{"d":1,"ty":"el","s":{"a":0,"k":[3,3]},"p":{"a":0,"k":[0,0]},"nm":"T"},{"ty":"st","c":{"a":0,"k":[1,0,0.329,1]},"o":{"a":0,"k":100},"w":{"a":0,"k":0},"lc":1,"lj":1,"ml":4,"nm":"C"},{"ty":"fl","c":{"a":0,"k":[1,0.965,0,1]},"o":{"a":0,"k":100},"r":1,"nm":"F"},{"ty":"tr","p":{"a":0,"k":[50,85]},"a":{"a":0,"k":[0,0]},"s":{"a":0,"k":[100,100]},"r":{"a":0,"k":0},"o":{"a":0,"k":100},"sk":{"a":0,"k":0},"sa":{"a":0,"k":0},"nm":"T"}],"nm":"E"},{"ty":"gr","it":[{"d":1,"ty":"el","s":{"a":0,"k":[3,3]},"p":{"a":0,"k":[0,0]},"nm":"T"},{"ty":"st","c":{"a":0,"k":[1,0,0.329,1]},"o":{"a":0,"k":100},"w":{"a":0,"k":0},"lc":1,"lj":1,"ml":4,"nm":"C"},{"ty":"fl","c":{"a":0,"k":[1,0.965,0,1]},"o":{"a":0,"k":100},"r":1,"nm":"F"},{"ty":"tr","p":{"a":0,"k":[20,20]},"a":{"a":0,"k":[0,0]},"s":{"a":0,"k":[100,100]},"r":{"a":0,"k":0},"o":{"a":0,"k":100},"sk":{"a":0,"k":0},"sa":{"a":0,"k":0},"nm":"T"}],"nm":"E"},{"ty":"gr","it":[{"d":1,"ty":"el","s":{"a":0,"k":[1,1]},"p":{"a":0,"k":[0,0]},"nm":"T"},{"ty":"st","c":{"a":0,"k":[1,0,0.329,1]},"o":{"a":0,"k":100},"w":{"a":0,"k":0},"lc":1,"lj":1,"ml":4,"nm":"C"},{"ty":"fl","c":{"a":0,"k":[1,0.965,0,1]},"o":{"a":0,"k":100},"r":1,"nm":"F"},{"ty":"tr","p":{"a":0,"k":[0.5,-5]},"a":{"a":0,"k":[0,0]},"s":{"a":0,"k":[100,100]},"r":{"a":0,"k":0},"o":{"a":0,"k":100},"sk":{"a":0,"k":0},"sa":{"a":0,"k":0},"nm":"T"}],"nm":"E"},{"ty":"gr","it":[{"d":1,"ty":"el","s":{"a":0,"k":[2,2]},"p":{"a":0,"k":[0,0]},"nm":"T"},{"ty":"st","c":{"a":0,"k":[1,0,0.329,1]},"o":{"a":0,"k":100},"w":{"a":0,"k":0},"lc":1,"lj":1,"ml":4,"nm":"C"},{"ty":"fl","c":{"a":0,"k":[1,0.965,0,1]},"o":{"a":0,"k":100},"r":1,"nm":"F"},{"ty":"tr","p":{"a":0,"k":[-45,105]},"a":{"a":0,"k":[0,0]},"s":{"a":0,"k":[100,100]},"r":{"a":0,"k":0},"o":{"a":0,"k":100},"sk":{"a":0,"k":0},"sa":{"a":0,"k":0},"nm":"T"}],"nm":"E"},{"ty":"gr","it":[{"d":1,"ty":"el","s":{"a":0,"k":[2,2]},"p":{"a":0,"k":[0,0]},"nm":"T"},{"ty":"st","c":{"a":0,"k":[1,0,0.329,1]},"o":{"a":0,"k":100},"w":{"a":0,"k":0},"lc":1,"lj":1,"ml":4,"nm":"C"},{"ty":"fl","c":{"a":0,"k":[1,0.965,0,1]},"o":{"a":0,"k":100},"r":1,"nm":"F"},{"ty":"tr","p":{"a":0,"k":[-70,125]},"a":{"a":0,"k":[0,0]},"s":{"a":0,"k":[100,100]},"r":{"a":0,"k":0},"o":{"a":0,"k":100},"sk":{"a":0,"k":0},"sa":{"a":0,"k":0},"nm":"T"}],"nm":"E"},{"ty":"gr","it":[{"d":1,"ty":"el","s":{"a":0,"k":[2,2]},"p":{"a":0,"k":[0,0]},"nm":"T"},{"ty":"st","c":{"a":0,"k":[1,0,0.329,1]},"o":{"a":0,"k":100},"w":{"a":0,"k":0},"lc":1,"lj":1,"ml":4,"nm":"C"},{"ty":"fl","c":{"a":0,"k":[1,0.965,0,1]},"o":{"a":0,"k":100},"r":1,"nm":"F"},{"ty":"tr","p":{"a":0,"k":[75,110]},"a":{"a":0,"k":[0,0]},"s":{"a":0,"k":[100,100]},"r":{"a":0,"k":0},"o":{"a":0,"k":100},"sk":{"a":0,"k":0},"sa":{"a":0,"k":0},"nm":"T"}],"nm":"E"},{"ty":"gr","it":[{"d":1,"ty":"el","s":{"a":0,"k":[2,2]},"p":{"a":0,"k":[0,0]},"nm":"T"},{"ty":"st","c":{"a":0,"k":[1,0,0.329,1]},"o":{"a":0,"k":100},"w":{"a":0,"k":0},"lc":1,"lj":1,"ml":4,"nm":"C"},{"ty":"fl","c":{"a":0,"k":[1,0.965,0,1]},"o":{"a":0,"k":100},"r":1,"nm":"F"},{"ty":"tr","p":{"a":0,"k":[0,0]},"a":{"a":0,"k":[0,0]},"s":{"a":0,"k":[100,100]},"r":{"a":0,"k":0},"o":{"a":0,"k":100},"sk":{"a":0,"k":0},"sa":{"a":0,"k":0},"nm":"T"}],"nm":"E"}],"ip":0,"op":125,"st":0}],"markers":[]}